id,disease,info,info_heb,wiki,wiki_heb,disease_heb
100,Varicella - Chickenpox,"Chickenpox, also known as varicella, is a highly contagious disease caused by the initial infection with varicella zoster virus (VZV). The disease results in a characteristic skin rash that forms small, itchy blisters, which eventually scab over. It usually starts on the chest, back, and face then spreads to the rest of the body. Other symptoms may include fever, tiredness, and headaches. Symptoms usually last five to seven days. Complications may occasionally include pneumonia, inflammation of the brain, and bacterial skin infections. The disease is often more severe in adults than in children.[7] Symptoms begin 10 to 21 days after exposure to the virus.","אבעבועות רוחהיא מחלה נגיפית שכיחה ומידבקת הנחשבת כאחת ממחלות הילדות, אך בשנים האחרונות שכיחה גם בקרב מבוגרים, אצלם היא עלולה להיות מסוכנת במיוחד. גורם המחלה הוא נגיף ממשפחת נגיפי ההרפס הנקרא וריצלה זוסטר וירוס.",https://en.wikipedia.org/wiki/Chickenpox,https://he.wikipedia.org/wiki/%D7%90%D7%91%D7%A2%D7%91%D7%95%D7%A2%D7%95%D7%AA_%D7%A8%D7%95%D7%97,אבעבועות רוח
101,Smallpox,,,,,אבעבועות שחורות
102,Rubella,,,,,אדמת
103,Congenital rubella,,,,,אדמת מלידה
104,E. coli O157:H7 infection,,,,,"זיהום ע""י א. קולי O157:H7"
105,HIV carrier/ AIDS,,"<b>עבור איידס, נתוני משרד הבריאות מתעדכנים באופן לא תדיר. מומלץ להשתמש בהחלקה גבוהה (6 שבועות ומעלה) על מנת לקבל את תמונת המגמה. בנוסף, לא קיים פילוח לפי איזורים.</b>
<br>

איידס (AIDS; ראשי תיבות באנגלית: Acquired Immune Deficiency Syndrome, תסמונת הכשל החיסוני הנרכש) הוא שילוב של סימפטומים המופיעים בשל כשל של מערכת החיסון בעקבות הידבקות בנגיף ה-HIV. החולים סובלים מזיהומים אופורטוניסטים ומגידולים, שניהם מסכני חיים. על פי ההערכות, יותר מ-25 מיליון בני אדם מתו מהמחלה ב-30 השנים האחרונות. החל מאמצע שנות ה-90 קיים טיפול תרופתי המונע את התפרצות המחלה ומאפשר לנשאים לחיות עם נגיף ה-HIV באופן כמעט זהה למי שאינו נושא את הנגיף. על כן כיום נשאות של HIV נחשבת לסטטוס כרוני, ולא למחלה סופנית.",,https://he.wikipedia.org/wiki/%D7%90%D7%99%D7%99%D7%93%D7%A1,איידס/נשא HIV
106,Echinococcosis,,,,,אכינוקוקוזיס
107,Diphtheria,,,,,אסכרה
108,Botulism,,,,,בוטוליזם
109,Brucellosis,,"ברוצלוזיס (Brucellosis, נקראת גם קדחת מלטה, על שם המקום בו זוהתה לראשונה) היא מחלה הנגרמת על ידי חיידקים מהסוג Brucella המתאכסנים בבעלי חיים, ומדביקים בני אדם (מחלה זואונוטית). המחלה עלולה לגרום להפלות בבעלי חיים, ההדבקה לאדם עלולה לגרום לתחלואה קשה ונגרמת בעיקר על ידי צריכת מוצרי חלב לא מפוסטרים. החיידקים גורמי המחלה מתאחסנים לרוב בצאן ובקר, והדבקה של בני אדם נעשית באופן ישיר, במגע עם הפרשות בעלי חיים, ובעת אכילת בשר נא וחלב לא מפוסטר מבעלי חיים נגועים.",,https://he.wikipedia.org/wiki/%D7%91%D7%A8%D7%95%D7%A6%D7%9C%D7%95%D7%96%D7%99%D7%A1,ברוצלוזיס
110,Giardiasis,,"ג'יארדיה (Giardia lamblia) הוא טפיל מעיים הנפוץ ברחבי העולם, גם בקרב בני אדם וגם בבעלי חיים. אין לו מיטוכונדריה ואף לא מנגנון Golgi, ולכן נחשב לאחת הצורות הפרימיטיביות מבין ה-Eukaryotes. שכיחות ההידבקות בג'יארדיה מגיעה בארצות המתפתחות לכדי 30%-15% בקרב ילדים מתחת לגיל 10. טפיל זה מאובחן בשכיחות הגבוהה ביותר בדגימות הצואה המדווחות בארצות הברית ובאנגליה (7%-4%). ההידבקות בג'יארדיה תועדה במעונות יום לילדים ונמצא ששיעור הנשאים עלול להגיע ל-50%, וכך בקרב מטיילים ברחבי העולם.",,https://he.wikipedia.org/wiki/Giardia_lamblia,ג'יארדיאזיס
111,Anthrax,,,,,גחלת
112,Pneumonic Plague,,,,,דבר נשימתי
113,Plague- non pneumonic,,,,,דבר שאינו נשימתי
114,Acute Hepatitis A,,"הפטיטיס A (ידוע גם כהפטיטיס מדבק וכצהבת נגיפית מסוג A), היא מחלה מידבקת פקו אוראלית הפוגעת בכבד, היא נגרמת על ידי וירוס הפטיטיס A ‏(HAV) המועבר במים ואוכל נגועים או על ידי מגע ישיר באדם החולה. עשרות מיליוני אנשים נדבקים בנגיף מדי שנה. הזמן החולף בין ההדבקות עצמה לזמן בו התסמינים מתחילים להופיע נע בין כשבועיים לכשישה שבועות, ואילו הזמן הממוצע העובר בין ההידבקות בנגיף להופעת התסמינים הוא כ-28 ימים.

במדינות מתפתחות, ובאזורים בעלי רמת היגיינה נמוכה הנגיף מופיע לעיתים קרובות יותר, ומרבית האנשים נדבקים בו עוד בילדות. כשההכנסה והגישה למים נקיים עולה, יורדת גם כמות הנדבקים במחלה. בני אדם המבריאים מהפטיטיס A נעשים חסינים אליה ביותר מתשעים אחוז מהמקרים והחיסון נגדה מספק הגנה הקרובה למאה אחוז. הסכנה לסיבוכים או למוות מהמחלה עולה עם הגיל.",,https://he.wikipedia.org/wiki/%D7%94%D7%A4%D7%98%D7%99%D7%98%D7%99%D7%A1_A,דלקת כבד נגיפית A
115,Acute Hepatitis B,,"נגיף הפטיטיס B (שם מדעי: HBV, קיצור של Hepatitis B virus, בעברית: צהבת נגיפית מסוג B) הוא נגיף אשר מהווה את הגורם העשירי בחשיבותו למחלות כבד אשר ביניהן נמנות דלקת כבד נגיפית ושחמת הכבד שעלולה להוביל לסרטן. הנגיף נמצא בשכיחות גבוהה במרכז ודרום אפריקה, כמו גם בדרום מזרח אסיה.

הווירוס שייך למשפחת ה-hepadnaviruses, ומורכב מממברנה ליפידית המכילה שלושה סוגי חלבוני מעטפת העוטפת את הקפסיד האיקוסהדרלי.

הווירוס כולל 8 גנוטיפים, והוא מדביק רק בני אדם וקופי שימפנזה. הנגיף מועבר דרך הדם בעת עירויים, נוזלי גוף שונים כגון נוזל הזרע ועל ידי שימוש במחטים מזוהמות.",,https://he.wikipedia.org/wiki/%D7%94%D7%A4%D7%98%D7%99%D7%98%D7%99%D7%A1_B,דלקת כבד נגיפית B
116,Acute Hepatitis C,,"הפטיטיס C (באנגלית: Hepatitis C) היא מחלת כבד הנגרמת על ידי וירוס ההפטיטיס C, ממשפחת הפלאוויווירידה. מחלה זו שייכת לקבוצת מחלות הקרויה דלקת כבד נגיפית הנגרמת על ידי מספר וירוסים. הדבקה בווירוס הפטיטיס C התרחשה בעבר בעיקר דרך מנות דם נגועות, אולם לאחר קיום מבחנים סרולוגיים מתקדמים הסיכוי להידבק על ידי מנת דם נגועה הוא נמוך מאוד ועומד, נכון ל-2012, על 1 למעל שני מיליון מנות דם. בנוסף להדבקה על ידי עירוי דם, ניתן להידבק באופן מילעורי (דרך העור), למשל על ידי הזרקת סמים, או חשיפה תעסוקתית או רפואית לדם (לדוגמה, חולי דיאליזה, או הידבקות של אנשי צוות רפואי שאז הסיכון עומד על 3% להידבקות על ידי מחט נגועה). ברוב המדינות, שכיחות הזיהום נעה בין 1% עד 2% מהאוכלוסייה, אולם קיימות מדינות עם שכיחות גבוהה בהרבה, כך למשל במצרים בה קיימת שכיחות הגבוהה מ-20% בערים מסוימות. וירוס זה אחראי ל-40% ממחלות הכבד הכרוניות והוא מהווה את האינדיקציה העיקרית לצורך בהשתלת כבד, היות שבמרבית המקרים הדבקה בווירוס מביאה להיווצרות מחלה כרונית של הכבד (""הפטיטיס כרונית"").",,https://he.wikipedia.org/wiki/%D7%94%D7%A4%D7%98%D7%99%D7%98%D7%99%D7%A1_C,דלקת כבד נגיפית C
117,Acute viral hepatitis - other,,,,,דלקת כבד נגיפית אחרת
118,Encephalitis,,,,,דלקת מח חדה
119,Meningitis - meningococcal,,"דלקת קרום המוח המוכרת גם בתור: דלקת עוצבה ו-מנינגיטיס (מיוונית: μῆνιγξ - ממברנה, או קרום + הסיומת itis- שמשמעותה דלקת) היא מחלה דלקתית חריפה של הקרומים הרכים של המוח וחוט השדרה, הנגרמת בעיקר בשל זיהום חיידקי ונגיפי, אולם במקרים מסוימים גם ממיקרואורגניזמים אחרים דוגמת פטרייתי וטפילי ולעיתים נדירות גם כתוצאה ממחלות לא זיהומיות ומשימוש בתרופות מסוימות. דלקת קרום המוח נחשבת למחלה מסכנת חיים שדורשת התערבות רפואית מיידית.
עיקר דלקות קרום המוח נגרמות כתוצאה מזיהום של מיקרואורגניזמים ממקור חיידקי ונגיפי. במקרים מסוימים המחלה עלולה להתפתח כתוצאה מזיהום פטרייתי וטפילי, ולעיתים נדירות כתוצאה משימוש בתרופות מסוימות ועל רקע מחלות לא זיהומיות מסוימות. המונח דלקת אספטית של קרום המוח (Aseptic meningitis) מתייחס למצב בו לא נמצאה עדות לנוכחות חיידקית במוקד הדלקת. לכן מונח זה מתייחס לרוב לזיהום נגיפי בקרומי המוח, למצב בו לא התאפשר תרבות מזהם חיידקי בקרקע מזון בעקבות טיפול אנטיביוטי אינטנסיבי, וכן למצב של דלקת קרום המוח שלא על רקע גורם זיהומי כלשהו.",,https://he.wikipedia.org/wiki/%D7%93%D7%9C%D7%A7%D7%AA_%D7%A7%D7%A8%D7%95%D7%9D_%D7%94%D7%9E%D7%95%D7%97,דלקת עוצבה חדה מנינגוקוקית
120,Meningitis - Haemophilus influenzae b,,"דלקת קרום המוח המוכרת גם בתור: דלקת עוצבה ו-מנינגיטיס (מיוונית: μῆνιγξ - ממברנה, או קרום + הסיומת itis- שמשמעותה דלקת) היא מחלה דלקתית חריפה של הקרומים הרכים של המוח וחוט השדרה, הנגרמת בעיקר בשל זיהום חיידקי ונגיפי, אולם במקרים מסוימים גם ממיקרואורגניזמים אחרים דוגמת פטרייתי וטפילי ולעיתים נדירות גם כתוצאה ממחלות לא זיהומיות ומשימוש בתרופות מסוימות. דלקת קרום המוח נחשבת למחלה מסכנת חיים שדורשת התערבות רפואית מיידית.
עיקר דלקות קרום המוח נגרמות כתוצאה מזיהום של מיקרואורגניזמים ממקור חיידקי ונגיפי. במקרים מסוימים המחלה עלולה להתפתח כתוצאה מזיהום פטרייתי וטפילי, ולעיתים נדירות כתוצאה משימוש בתרופות מסוימות ועל רקע מחלות לא זיהומיות מסוימות. המונח דלקת אספטית של קרום המוח (Aseptic meningitis) מתייחס למצב בו לא נמצאה עדות לנוכחות חיידקית במוקד הדלקת. לכן מונח זה מתייחס לרוב לזיהום נגיפי בקרומי המוח, למצב בו לא התאפשר תרבות מזהם חיידקי בקרקע מזון בעקבות טיפול אנטיביוטי אינטנסיבי, וכן למצב של דלקת קרום המוח שלא על רקע גורם זיהומי כלשהו.",,https://he.wikipedia.org/wiki/%D7%93%D7%9C%D7%A7%D7%AA_%D7%A7%D7%A8%D7%95%D7%9D_%D7%94%D7%9E%D7%95%D7%97,"דלקת עוצבה חדה ע""י Hib"
121,Meningitis - pneumococcal,,"דלקת קרום המוח המוכרת גם בתור: דלקת עוצבה ו-מנינגיטיס (מיוונית: μῆνιγξ - ממברנה, או קרום + הסיומת itis- שמשמעותה דלקת) היא מחלה דלקתית חריפה של הקרומים הרכים של המוח וחוט השדרה, הנגרמת בעיקר בשל זיהום חיידקי ונגיפי, אולם במקרים מסוימים גם ממיקרואורגניזמים אחרים דוגמת פטרייתי וטפילי ולעיתים נדירות גם כתוצאה ממחלות לא זיהומיות ומשימוש בתרופות מסוימות. דלקת קרום המוח נחשבת למחלה מסכנת חיים שדורשת התערבות רפואית מיידית.
עיקר דלקות קרום המוח נגרמות כתוצאה מזיהום של מיקרואורגניזמים ממקור חיידקי ונגיפי. במקרים מסוימים המחלה עלולה להתפתח כתוצאה מזיהום פטרייתי וטפילי, ולעיתים נדירות כתוצאה משימוש בתרופות מסוימות ועל רקע מחלות לא זיהומיות מסוימות. המונח דלקת אספטית של קרום המוח (Aseptic meningitis) מתייחס למצב בו לא נמצאה עדות לנוכחות חיידקית במוקד הדלקת. לכן מונח זה מתייחס לרוב לזיהום נגיפי בקרומי המוח, למצב בו לא התאפשר תרבות מזהם חיידקי בקרקע מזון בעקבות טיפול אנטיביוטי אינטנסיבי, וכן למצב של דלקת קרום המוח שלא על רקע גורם זיהומי כלשהו.",,https://he.wikipedia.org/wiki/%D7%93%D7%9C%D7%A7%D7%AA_%D7%A7%D7%A8%D7%95%D7%9D_%D7%94%D7%9E%D7%95%D7%97,דלקת עוצבה חדה פנוימוקוקית
122,Acute viral meningitis,,"דלקת קרום המוח המוכרת גם בתור: דלקת עוצבה ו-מנינגיטיס (מיוונית: μῆνιγξ - ממברנה, או קרום + הסיומת itis- שמשמעותה דלקת) היא מחלה דלקתית חריפה של הקרומים הרכים של המוח וחוט השדרה, הנגרמת בעיקר בשל זיהום חיידקי ונגיפי, אולם במקרים מסוימים גם ממיקרואורגניזמים אחרים דוגמת פטרייתי וטפילי ולעיתים נדירות גם כתוצאה ממחלות לא זיהומיות ומשימוש בתרופות מסוימות. דלקת קרום המוח נחשבת למחלה מסכנת חיים שדורשת התערבות רפואית מיידית.
עיקר דלקות קרום המוח נגרמות כתוצאה מזיהום של מיקרואורגניזמים ממקור חיידקי ונגיפי. במקרים מסוימים המחלה עלולה להתפתח כתוצאה מזיהום פטרייתי וטפילי, ולעיתים נדירות כתוצאה משימוש בתרופות מסוימות ועל רקע מחלות לא זיהומיות מסוימות. המונח דלקת אספטית של קרום המוח (Aseptic meningitis) מתייחס למצב בו לא נמצאה עדות לנוכחות חיידקית במוקד הדלקת. לכן מונח זה מתייחס לרוב לזיהום נגיפי בקרומי המוח, למצב בו לא התאפשר תרבות מזהם חיידקי בקרקע מזון בעקבות טיפול אנטיביוטי אינטנסיבי, וכן למצב של דלקת קרום המוח שלא על רקע גורם זיהומי כלשהו.",,https://he.wikipedia.org/wiki/%D7%93%D7%9C%D7%A7%D7%AA_%D7%A7%D7%A8%D7%95%D7%9D_%D7%94%D7%9E%D7%95%D7%97,דלקת עוצבה נגיפית
123,Meningitis - unknown agent,,"דלקת קרום המוח המוכרת גם בתור: דלקת עוצבה ו-מנינגיטיס (מיוונית: μῆνιγξ - ממברנה, או קרום + הסיומת itis- שמשמעותה דלקת) היא מחלה דלקתית חריפה של הקרומים הרכים של המוח וחוט השדרה, הנגרמת בעיקר בשל זיהום חיידקי ונגיפי, אולם במקרים מסוימים גם ממיקרואורגניזמים אחרים דוגמת פטרייתי וטפילי ולעיתים נדירות גם כתוצאה ממחלות לא זיהומיות ומשימוש בתרופות מסוימות. דלקת קרום המוח נחשבת למחלה מסכנת חיים שדורשת התערבות רפואית מיידית.
עיקר דלקות קרום המוח נגרמות כתוצאה מזיהום של מיקרואורגניזמים ממקור חיידקי ונגיפי. במקרים מסוימים המחלה עלולה להתפתח כתוצאה מזיהום פטרייתי וטפילי, ולעיתים נדירות כתוצאה משימוש בתרופות מסוימות ועל רקע מחלות לא זיהומיות מסוימות. המונח דלקת אספטית של קרום המוח (Aseptic meningitis) מתייחס למצב בו לא נמצאה עדות לנוכחות חיידקית במוקד הדלקת. לכן מונח זה מתייחס לרוב לזיהום נגיפי בקרומי המוח, למצב בו לא התאפשר תרבות מזהם חיידקי בקרקע מזון בעקבות טיפול אנטיביוטי אינטנסיבי, וכן למצב של דלקת קרום המוח שלא על רקע גורם זיהומי כלשהו.",,https://he.wikipedia.org/wiki/%D7%93%D7%9C%D7%A7%D7%AA_%D7%A7%D7%A8%D7%95%D7%9D_%D7%94%D7%9E%D7%95%D7%97,דלקת עוצבה - מחולל לא ידוע
124,Meningitis - other,,"דלקת קרום המוח המוכרת גם בתור: דלקת עוצבה ו-מנינגיטיס (מיוונית: μῆνιγξ - ממברנה, או קרום + הסיומת itis- שמשמעותה דלקת) היא מחלה דלקתית חריפה של הקרומים הרכים של המוח וחוט השדרה, הנגרמת בעיקר בשל זיהום חיידקי ונגיפי, אולם במקרים מסוימים גם ממיקרואורגניזמים אחרים דוגמת פטרייתי וטפילי ולעיתים נדירות גם כתוצאה ממחלות לא זיהומיות ומשימוש בתרופות מסוימות. דלקת קרום המוח נחשבת למחלה מסכנת חיים שדורשת התערבות רפואית מיידית.
עיקר דלקות קרום המוח נגרמות כתוצאה מזיהום של מיקרואורגניזמים ממקור חיידקי ונגיפי. במקרים מסוימים המחלה עלולה להתפתח כתוצאה מזיהום פטרייתי וטפילי, ולעיתים נדירות כתוצאה משימוש בתרופות מסוימות ועל רקע מחלות לא זיהומיות מסוימות. המונח דלקת אספטית של קרום המוח (Aseptic meningitis) מתייחס למצב בו לא נמצאה עדות לנוכחות חיידקית במוקד הדלקת. לכן מונח זה מתייחס לרוב לזיהום נגיפי בקרומי המוח, למצב בו לא התאפשר תרבות מזהם חיידקי בקרקע מזון בעקבות טיפול אנטיביוטי אינטנסיבי, וכן למצב של דלקת קרום המוח שלא על רקע גורם זיהומי כלשהו.",,https://he.wikipedia.org/wiki/%D7%93%D7%9C%D7%A7%D7%AA_%D7%A7%D7%A8%D7%95%D7%9D_%D7%94%D7%9E%D7%95%D7%97,דלקת עוצבה חדה אחרת
125,Gonorrhea,,"הזיבה (Gonorrhea) היא מחלת מין. מסוף שנות ה-90 חלה עלייה חדה בתחלואה בזיבה בישראל. גורמי סיכון להידבקות במחלה כוללים מגע מיני עם בני זוג מרובים, ומגע מיני עם בן זוג חדש. סבירות ההידבקות של גבר לאחר מגע מיני אחד עם אישה שלקתה בזיבה היא של 20%, ועד 80%-60% לאחר ארבעה מגעים. שיעור ההידבקות של אישה מגבר נושא זיהום גבוה אף יותר. אצל הגבר מחלת הזיבה בדרך כלל תסמינית, וביטויה העיקרי הוא דלקת שופכה שמתפתחת לאחר 7-2 ימי דגירה, צריבה בהטלת שתן והפרשה מוגלתית מהפין. הסיבוכים האזוריים והמערכתיים נדירים בימינו. אצל האישה המחלה תסמינית במיעוט המקרים, והתסמינים של דלקת צוואר הרחם ו/או דלקת השופכה פחות ייחודיים: צריבה בהטלת שתן, הפרשה מהנרתיק (שמקורה בצוואר הרחם), כאב במשגל, דימום מצוואר הרחם לרוב לאחר משגל. איחור בטיפול (שאינו נדיר מכיוון שבהיעדר תסמינים החולה אינה פונה להיבדק) יביא להתפשטות הזיהום לאגן, אך גם במצב זה ייתכן שלא יופיעו תסמינים.",,https://he.wikipedia.org/wiki/%D7%96%D7%99%D7%91%D7%94,זיבה
126,H. influenzae b invasive infection,,,,,"זיהום פולשני ע""י Hib"
129,Mumps,,"חזרת (שם מדעי: Mumps) היא מחלה זיהומית נגיפית, הפוגעת בבלוטות הרוק ובבלוטות מתחת לאוזניים. לפני המצאת החיסון הייתה החזרת מחלה נפוצה בקרב ילדים.
נגיף החזרת ייחודי לבני אדם, ואין הוא עובר לבעלי חיים.

מרבית הנדבקים הם ילדים בין גיל 5 לגיל 15. המחלה אינה שכיחה בקרב ילדים מתחת גיל שנתיים. אצל אנשים מבוגרים יותר יכולה המחלה להתפשט לאיברי המין, למערכת העצבים, ללבלב ולאיברים נוספים ימים לפני הופעת התסמינים החיצוניים (בעיקר התנפחות בלוטות הרוק), והוא ממשיך להדביק כמה ימים לאחר מכן.

ההנחיה המקובלת היא להימנע מהליכה לגן ולבית הספר במשך חמשת הימים הראשונים שלאחר הופעת התסמינים החיצוניים.",,https://he.wikipedia.org/wiki/%D7%97%D7%96%D7%A8%D7%AA_(%D7%9E%D7%97%D7%9C%D7%94),חזרת
127,Meningococcal invasive infection,,"דלקת קרום המוח המוכרת גם בתור: דלקת עוצבה ו-מנינגיטיס (מיוונית: μῆνιγξ - ממברנה, או קרום + הסיומת itis- שמשמעותה דלקת) היא מחלה דלקתית חריפה של הקרומים הרכים של המוח וחוט השדרה, הנגרמת בעיקר בשל זיהום חיידקי ונגיפי, אולם במקרים מסוימים גם ממיקרואורגניזמים אחרים דוגמת פטרייתי וטפילי ולעיתים נדירות גם כתוצאה ממחלות לא זיהומיות ומשימוש בתרופות מסוימות. דלקת קרום המוח נחשבת למחלה מסכנת חיים שדורשת התערבות רפואית מיידית.
עיקר דלקות קרום המוח נגרמות כתוצאה מזיהום של מיקרואורגניזמים ממקור חיידקי ונגיפי. במקרים מסוימים המחלה עלולה להתפתח כתוצאה מזיהום פטרייתי וטפילי, ולעיתים נדירות כתוצאה משימוש בתרופות מסוימות ועל רקע מחלות לא זיהומיות מסוימות. המונח דלקת אספטית של קרום המוח (Aseptic meningitis) מתייחס למצב בו לא נמצאה עדות לנוכחות חיידקית במוקד הדלקת. לכן מונח זה מתייחס לרוב לזיהום נגיפי בקרומי המוח, למצב בו לא התאפשר תרבות מזהם חיידקי בקרקע מזון בעקבות טיפול אנטיביוטי אינטנסיבי, וכן למצב של דלקת קרום המוח שלא על רקע גורם זיהומי כלשהו.",,https://he.wikipedia.org/wiki/%D7%93%D7%9C%D7%A7%D7%AA_%D7%A7%D7%A8%D7%95%D7%9D_%D7%94%D7%9E%D7%95%D7%97,"זיהום פולשני ע""י מנינגוקוק"
128,Pneumococcal invasive infection,,"Streptococcus pneumoniae, הידוע גם כפנאומוקוק או פנוימוקוק, הוא חיידק נקד המהווה את הגורם העיקרי של דלקת ריאות ואחד הגורמים של דלקת קרום המוח, דלקת אוזניים ואלח דם.

מחקר בצה""ל מצא שחיידק ה-Streptococcus pneumoniae עובר ברוק כאשר שותים מאותם כלים. שכיחות גדולה של העברת החיידק נמצאה בטירונות.

קיים חיסון נגד Streptococcus pneumoniae, ובשנת 2008 הוא נכלל בסל התרופות לילדים בסיכון לזיהומים חודרניים והומלץ לכל הילדים עד גיל שנתיים, אך לא מומן עבורם. למבוגרים הומלץ חיסון לאלו שעברו כריתת טחול ובעלי מחלות המדכאות את המערכת החיסונית. בארצות הברית מקובל לתת חיסון פרבנאר נגד שבעה זנים של החיידק לכלל הילדים, החל משנת 2004. מחקר שבוצע בארצות הברית מצא שהחיסון הוריד משמעותית את השימוש באנטיביוטיקה ואת הביקורים אצל רופאים.",,https://he.wikipedia.org/wiki/Streptococcus_pneumoniae,"זיהום פולשני ע""י פנוימוקוק"
130,Measles,,"חצבת היא מחלה נפוצה הנגרמת על ידי נגיף מסוג מורביליווירוס התוקף את המערכת החיסונית. חצבת היא המחלה הוויראלית המידבקת ביותר, ואחת המחלות הזיהומיות השכיחות בעולם, גם כיום, עם הימצאו של חיסון יעיל נגד המחלה.

דיווחים ראשונים על חצבת מתועדים עוד משנת 700 לספירה. ההסבר המדעי הראשון של המחלה והבדליה מאבעבועות שחורות מיוחס לרופא הפרסי אל-ראזי (860–932), אשר פרסם את הספר ""אבעבועות שחורות וחצבת"". בשנת 1954 בודד ג'ון פרנקלין אנדרס את הווירוס הגורם למחלה.

בשנת 1963 אושר לשימוש חיסון מורשה למניעת המחלה. יעילות החיסון אחרי מנה אחת היא 93%, ולאחר שתי מנות היעילות היא 97%.",,https://he.wikipedia.org/wiki/%D7%97%D7%A6%D7%91%D7%AA,חצבת
131,Tularemia,,,,,טולרמיה
132,Typhoid,,,,,טיפואיד
133,Murine typhus,,,,,טיפוס מוריני
134,Cholera,,,,,כולירה
135,Non cholera vibrio infection,,,,,ויבריו שאינו כולירה
136,Rabies,,"כלבת היא מחלה נגיפית קטלנית התוקפת את מערכת העצבים של היונקים. למחלה תיעוד היסטורי רב, והיא קיימת גם בתקופה המודרנית.

לנגיפי הכלבת שני מאפיינים ייחודיים: הם אינם הופכים לפחות אלימים במהלך האבולוציה (למרות שבדרך כלל משתלם לטפיל שהפונדקאי שלו ישרוד יותר זמן כדי שיוכל לנצלו לזמן ממושך יותר), וטווח המאכסנים שלהם (מספר המינים שהם יכולים לתקוף) הוא רחב מאוד. המחלה מידבקת לא רק בקרב הכלביים, כפי ששמה עשוי לרמז, אלא בקרב כל היונקים כגון פרות, כבשים, סוסים, חתולים וכמו גם באדם.",,https://he.wikipedia.org/wiki/%D7%9B%D7%9C%D7%91%D7%AA,כלבת
137,Chlamydia trachomatis of the genital tract,,"כלמידיה (Chlamydia) היא מחלת מין, הנגרמת על ידי החיידק Chlamydia trachomatis הפוגעת באיברי המין ובלחמית העין, כמו כן המחלה עלולה לגרום לדלקת ריאות נגיפית (אינטרסטיציאלית). בנוסף להתפשטותה במהלך קיום יחסי מין, היא עלולה להיות מועברת מאם לבנה במהלך ההיריון. כלמידיה היא אחת ממחלות המין הנפוצות ביותר כיום. בארצות הברית ישנם כ-4 מיליון מקרים של כלמידיה בשנה. עם זאת, 50% מהגברים ו-75% מהנשים הנדבקים במחלה לא מפתחים סימפטומים, ואינם יודעים כלל כי נדבקו.",,https://he.wikipedia.org/wiki/%D7%9B%D7%9C%D7%9E%D7%99%D7%93%D7%99%D7%94,כלמידיה טרכומטיס בדרכי המין
138,Lymphogranuloma venereum,,,,,לימפוגרנולומה ונראום
139,Listeriosis,,"Listeria (בתעתיק לעברית: ליסטריה) הוא סוג של חיידקים הכולל שישה מינים וקרוי על שם ג'וזף ליסטר. מיני ה-Listeria הם חיידקי מתג גראם-חיוביים. Listeria monocytogenes, המין הידוע ביותר בסוג זה, הוא הגורם למחלת הליסטריוזיס (Listeriosis).

הליסטריוזיס שנגרמת מהחיידקים היא מחלה קשה לבני אדם, ובצורה הגלויה שלה יש סכנת מוות של כ-20%. תקופת הדגירה נעה בין 3 ל-70 יום.

רוב החיידקים מסוג Listeria מאותרים על ידי מערכת החיסון ומטופלים באמצעותה לפני שהם יכולים לגרום לזיהום. אלו מהם שחומקים מהתגובה הראשונית של מערכת החיסון, מתפשטים בגוף כאשר הם מוגנים בתוך תא המאכסן מפני גורמים מסיסים של מערכת החיסון, כגון נוגדנים. על מנת לחדור לתאים, חיידקי Listeria מביאים לבליעתם על ידי מקרופאגים שם הם משתחררים מהפאגוליזוזום תוך הרס הממברנה שלו על ידי המוליזין. לאחר השחרור מהפאגוליזוזום חיידקי ה-Listeria חופשיים להתרבות בציטופלזמה של התא המאכסן.

מאכלים העשויים להכיל חיידקי Listeria: נקניקיות ובשר נא, עוף, חלב לא מפוסטר, גלידה, ירקות או פירות חיים, דג נא או מעושן.",,https://he.wikipedia.org/wiki/Listeria,ליסטריוזיס
140,Visceral leishmaniasis,,"לישמניוזיס ויסצרלית (שם מדעי: Visceral leishmaniasis; מוכרת גם בשם: קלה אזר) היא הצורה החמורה ביותר של מחלת הלישמניוזיס (leishmaniasis) ונגרמת על ידי הפרזיט לישמניה, הפרזיט הגורם גם לשושנת יריחו. לאחר מלריה, מחלה זאת היא גורם התמותה הגדול ביותר מבין המחלות הפרזיטיות. ללא טיפול במחלה היא תסתיים כמעט תמיד במות הפונדקאי.
לישמניה היא פרזיט (טפיל) ממשפחת השוטנים, בעל שוטן בודד. הווקטור הוא זבוב החול. לפרזיט יכולת לחיות בתוך מאקרופאגים ובתוך נויטרופילים. באפריקה, באירופה ובאסיה הזנים הגורמים ל-Visceral leishmaniasis הם L. donovani ו-L. infantum. בדרום אמריקה המין הגורם למחלה הוא L. chagashi.",,https://he.wikipedia.org/wiki/%D7%9C%D7%99%D7%A9%D7%9E%D7%A0%D7%99%D7%95%D7%96%D7%99%D7%A1_%D7%95%D7%99%D7%A1%D7%A6%D7%A8%D7%9C%D7%99%D7%AA,לישמניאזיס - קלה אזר
141,Cutaneous leishmaniasis,,"מחלות הלישמניאזיס (שושנת יריחו) נגרמות על ידי טפילים חד תאיים מהמין לישמניה (Leishmania) המועברים על ידי נקבת זבוב החול ומתפתחים בתאי מערכת החיסון של הגוף. רק חלק מבני האדם שנחשפים לטפיל מפתחים סימנים קליניים. הביטוי הקליני וחומרת המחלה תלויים במין הטפיל ובתגובה הספציפית של האדם להדבקה.
 
ידועים כעשרים מיני לישמניה הגורמים למחלות קליניות בבני אדם. הצורות הקליניות העיקריות הן: לישמניאזיס של העור, לישמניאזיס של האיברים הפנימיים ולישמניאזיס של הריריות. בישראל, קיימת העברה מקומית של שני מיני לישמניה על ידי נקבת זבוב החול הגורמים למחלת לישמניאזיס של העור: לישמניה מייג'ור (L. major) ולישמניה טרופיקה (L. tropica). מין טפיל נוסף, לישמניה אינפנטום (L. infantum), גורם ללישמניאזיס של האיברים הפנימיים. עם זאת, מטיילים ששהו באזורים הטרופיים, או תושבי אזורים אלה המגיעים לישראל, עלולים להיות חולים בלישמניאזיס הנגרם מטפילים ממינים אחרים.",,https://he.wikipedia.org/wiki/%D7%A9%D7%95%D7%A9%D7%A0%D7%AA_%D7%99%D7%A8%D7%99%D7%97%D7%95,לישמניאזיס של העור
142,Leptospirosis,,"עכברת (מוכרת גם בעיקר בשם ""לפטוספירוזיס"" וגם בשם ""מחלת וייל"") היא מחלה זיהומית זואונוטית שנגרמת על ידי חיידקים סלילוניים מהסוג Leptospira (ומכאן השם ""לפטוספירוזיס"") שנישא בעיקר על ידי חולדות ועכברים (ומכאן השם ""עכברת"") ועלול לעבור לבני אדם. סימנים ותופעות לוואי של המחלה יכולים לנוע בין תסמינים קלים לקשים במיוחד: כאב ראש, כאבי שרירים, וחום; עד דימום מהריאות (תסמונת דימום ריאתי חמורה), אי ספיקת כליות וכבד, או דלקת קרום המוj.

תפוצת המחלה היא כלל עולמית, אולם היא שכיחה בעיקר באזורים הטרופיים של כדור הארץ, ופוגעת במגוון רחב של בעלי חיים (כמעט כל מיני היונקים רגישים למחלה). עכברת היא מחלה מחויבת בדיווח למשרד הבריאות ולשירותים הווטרינריים.

המחלה תוארה לראשונה על ידי הרופא הגרמני אדולף וייל בשנת 1886, ומחולל המחלה, החיידק Leptospira icterohaemorrhagiae, תואר לראשונה בשנת 1915 על ידי הבקטריולוגים היפנים ריוקיצ'י אינאדה ויסושי אידו.",,https://he.wikipedia.org/wiki/%D7%A2%D7%9B%D7%91%D7%A8%D7%AA,לפטוספירוזיס (עכברת)
143,Legionellosis,,"מחלת הלגיונרים (Legionellosis) היא מחלה זיהומית הנגרמת על ידי החיידק ליגיונלה פנאומופילה. התגלתה לראשונה ב-1976 כאשר אנשים רבים לקו במחלה בכינוס של הלגיון האמריקאי בבית מלון בפילדלפיה. בין 8,000 ל-18,000 בני אדם לוקים במחלה מדי שנה בארצות הברית. לחיידק יש יכולת לזהם מערכות מיזוג אוויר ובכך לגרום להדבקה.
חיידק הלגיונלה מצוי בסביבה הטבעית בעיקר במים חמים (בחום של ג'קוזי או מעיינות חמים), מגדלי קירור, מערכות צנרת גדולות או במערכות מיזוג אוויר של בניינים גבוהים. החיידק אינו מצוי במערכות מיזוג אוויר של כלי-רכב. המקומות השכיחים ביותר להימצאות החיידק כוללים בתי מלון, אוניות, סאונה, מי ברז ומגדלי קירור. החיידק מומת תוך שתי דקות בטמפרטורת מים של 66° צלזיוס, בטווח 70°-80° צלזיוס החיידק מת מידית.",,https://he.wikipedia.org/wiki/%D7%9E%D7%97%D7%9C%D7%AA_%D7%94%D7%9C%D7%92%D7%99%D7%95%D7%A0%D7%A8%D7%99%D7%9D,מחלת הלגיונרים
144,Creutzfeldt-Jacob disease,,,,,מחלת קרויצפלדט-יעקוב
145,Malaria,,"מָלַרְיָה, או קדחת הביצות, היא מחלה זיהומית הנפוצה בעיקר באזור הטרופי.

המלריה היא אחד מגורמי המוות העיקריים בעולם, בפרט בקרב ילדים בעולם השלישי. ב-2009 חלו במלריה 225 מיליון אנשים, וב-2010 מתו ממנה 655 אלף חולים. רוב רובם של מקרי המוות ממלריה הם באפריקה שמדרום לסהרה.

מלריה מופצת על ידי יתושי אנופלס ופוגעת בעיקר בכדוריות הדם האדומות. במקרים קשים, נגרם גם נזק לאיברים חיוניים בגוף עקב אנמיה וחסימת כלי דם.",,https://he.wikipedia.org/wiki/%D7%9E%D7%9C%D7%A8%D7%99%D7%94,מלריה
146,GAS Invasive Infection,,"סטרפטוקוקוס A שייך לקבוצת הקוקים הגרם-חיוביים. חיידק הסטרפטוקוקוס מוכר כגורם לדלקת של הלוע (פרינגיטיס), זיהומים על פני העור הכוללים שושנה, ולפעמים זיהומים קשים שבעטיים קיבל החיידק את שמו ""החיידק הטורף"". הסטרפטוקוקוס נקרא בטא-המוליטי, כיוון שהוא גורם לתמס דם (המוליזה) מלא כאשר מגדלים אותו על מצע המכיל אגר ותאי דם אדומים.",,https://www.infomed.co.il/disease-1179/,סטרפטוקוקים מקבוצה A זיהום פולשני
147,Perinatal streptococcal B early onset,,סטרפטוקוקוס מקבוצה B (סטרפ B). סטרפטוקוק מסוג B הוא חיידק שכיח במערכת העיכול ובנרתיק (אצל נשים). ילודים נמצאים בסיכון לתחלואה חמורה בעקבות הדבקה בחיידק זה. מעריכים שכ- 20% מהנשים ההרות נושאות את חיידקי סטרפ B בנרתיק ובמערכת העיכול שלהן.,,https://he.wikipedia.org/wiki/Streptococcus,סטרפטוקוק B סב-לידתי - התחלה מוקדמת
148,Perinatal streptococcal B late onset,,סטרפטוקוקוס מקבוצה B (סטרפ B). סטרפטוקוק מסוג B הוא חיידק שכיח במערכת העיכול ובנרתיק (אצל נשים). ילודים נמצאים בסיכון לתחלואה חמורה בעקבות הדבקה בחיידק זה. מעריכים שכ- 20% מהנשים ההרות נושאות את חיידקי סטרפ B בנרתיק ובמערכת העיכול שלהן.,,https://he.wikipedia.org/wiki/Streptococcus,סטרפטוקוק B סב-לידתי - התחלה מאוחרת
149,Salmonellosis of the gastrointestinal tract,,"סלמונלוזיס הינו זיהום הנגרם על ידי חיידק הסלמונלה בבני אדם ובבעלי חיים, כאשר הסימן הקליני העיקרי הוא דלקת בדרכי העיכול (Gastroenteritis). התסמינים השכיחים ביותר הם שלשולים, כאבי בטן מלווים בהתכווצויות, חום גבוה, כאבי ראש, בחילות והקאות. מקור הזיהום בדרך כלל נמצא בבשר, בביצים, בחלב או בכל מזון מזוהם אחר שבא במגע עם פסולת. בנוסף למזון, חיות מחמד רבות כמו חתולים, כלבים וזוחלים שונים, עשויות להפיץ את הזיהום.

רוב סוגי הסלמונלה רגישים מאוד לחום גבוה, על כן ניתן להימנע מהידבקות במחלה באמצעות בישול מוצרי המזון בחום גבוה. ברוב המקרים, בהם הזיהום אינו משמעותי, אין צורך בטיפול מיוחד, אך מקרים חמורים יותר עלולים לגרום למחלות הטיפואיד או הפראטיפואיד.",,https://he.wikipedia.org/wiki/%D7%A1%D7%9C%D7%9E%D7%95%D7%A0%D7%9C%D7%95%D7%96%D7%99%D7%A1,סלמונלוזיס של דרכי העיכול
150,Syphilis - primary and secondary,,"עַגֶּבֶת, או בשמה הלועזי סיפיליס (Syphilis), היא מחלת מין הנגרמת על ידי חיידק מהמין Treponema pallidum במערכת Spirochaete. המחלה עוברת בראש ובראשונה ביחסי מין, אך יכולה לעבור גם באמצעות מגע עם דם. דרכים פחות נפוצות להידבקות הן מגע עם פצע מזוהם (רק כאשר מדובר במגע עם חולה שנמצא בשלב הראשון של המחלה ויש לו כיבי עגבת פתוחים), וכן מעבר מהאם לעובר ברחם (עגבת מולדת).

אחד הכינויים לעגבת הוא ""החקיין הגדול"", וזאת עקב הקושי שבזיהוי המחלה בשלביה המוקדמים והידמותה למחלות אחרות.",,https://he.wikipedia.org/wiki/%D7%A2%D7%92%D7%91%D7%AA,עגבת ראשונית ושניונית
151,Syphilis - other,,"עַגֶּבֶת, או בשמה הלועזי סיפיליס (Syphilis), היא מחלת מין הנגרמת על ידי חיידק מהמין Treponema pallidum במערכת Spirochaete. המחלה עוברת בראש ובראשונה ביחסי מין, אך יכולה לעבור גם באמצעות מגע עם דם. דרכים פחות נפוצות להידבקות הן מגע עם פצע מזוהם (רק כאשר מדובר במגע עם חולה שנמצא בשלב הראשון של המחלה ויש לו כיבי עגבת פתוחים), וכן מעבר מהאם לעובר ברחם (עגבת מולדת).

אחד הכינויים לעגבת הוא ""החקיין הגדול"", וזאת עקב הקושי שבזיהוי המחלה בשלביה המוקדמים והידמותה למחלות אחרות.",,https://he.wikipedia.org/wiki/%D7%A2%D7%92%D7%91%D7%AA,עגבת אחרת ומאוחרת
152,Congenital Syphilis,,"עַגֶּבֶת, או בשמה הלועזי סיפיליס (Syphilis), היא מחלת מין הנגרמת על ידי חיידק מהמין Treponema pallidum במערכת Spirochaete. המחלה עוברת בראש ובראשונה ביחסי מין, אך יכולה לעבור גם באמצעות מגע עם דם. דרכים פחות נפוצות להידבקות הן מגע עם פצע מזוהם (רק כאשר מדובר במגע עם חולה שנמצא בשלב הראשון של המחלה ויש לו כיבי עגבת פתוחים), וכן מעבר מהאם לעובר ברחם (עגבת מולדת).

אחד הכינויים לעגבת הוא ""החקיין הגדול"", וזאת עקב הקושי שבזיהוי המחלה בשלביה המוקדמים והידמותה למחלות אחרות.",,https://he.wikipedia.org/wiki/%D7%A2%D7%92%D7%91%D7%AA,עגבת מלידה
153,Paratyphoid fever,,,,,פאראטיפואיד
154,Tetanus,,,,,צפדת
155,Leprosy,,,,,צרעת
156,Q fever,,"
הדגמת חידקי Coxiella burnetii במסתם של חולה אנדוקרדיטיס מקדחת Q. הצביעה היא בעזרת נוגדנים ספציפים לחיידק

A:צילום חזה תקין,B:צילום חזה של חולה קדחת Q המדגים דלקת ריאות בצד ימין
קדחת Q (באנגלית - Q fever) היא מחלה זיהומית זואונוטית הנגרמת מחיידקים גראם-שליליים מהמין Coxiella burnetii",,https://he.wikipedia.org/wiki/%D7%A7%D7%93%D7%97%D7%AA_Q,קדחת Q
157,Dangue fever,,,,,קדחת דנגי
158,Rift Valley fever,,,,,קדחת השקע האפריקני
159,Relapsing fever,,,,,קדחת חוזרת
160,Spotted fever,,,,,קדחת כתמים
161,West Nile fever,,"קדחת מערב הנילוס (West Nile fever) היא מחלה נגיפית המתפשטת על ידי עקיצות יתושים.
הנגיף הוא ארבו-וירוס ממשפחת הפלאוויווירידה, הכוללת גם את הקדחת הצהובה, קדחת דנגי וקדחת המוח היפנית. הנגיף זוהה לראשונה באוגנדה בשנת 1937 במחוז מערב הנילוס (West Nile Province), ומכאן שמו.

מחלת קדחת מערב הנילוס היא מחלה זואונוטית (מחלה של בעלי חיים המועברת גם לבני אדם). הנגיף ידוע כפוגע במגוון רחב של בעלי חיים, יותר מ-150 מיני ציפורים, וכן יונקים שונים כסנאים, כלבים, זאבים, סוסים ועטלפים. הנגיף מועבר בעיקר על ידי עקיצות יתושים מהמינים כולכית מצויה, כולכית מצויה טרדנית (Culex molestus), וכולכית חד-פסית (Culex perexiguus), אך עלול להיות מועבר גם על ידי מיני יתושים אחרים כמו יתוש הנמר האסייתי, והוא מופץ בעיקר על ידי ציפורים נודדות אשר נושאות אותו במהלך נדידתן. הנגיף יכול לעבור גם בתרומת דם או תרומת איברים, היריון, הנקה, שימוש במזרק או חשיפה לדגימת דם נגועה.",,https://he.wikipedia.org/wiki/%D7%A7%D7%93%D7%97%D7%AA_%D7%9E%D7%A2%D7%A8%D7%91_%D7%94%D7%A0%D7%99%D7%9C%D7%95%D7%A1,קדחת מערב הנילוס
162,"Viral hemorrhagic fever: Ebola, Lassa, Marburg",,,,,"קדחת נגיפית המורגית: אבולה, לאסה, מרבורג"
163,"Viral hemorrhagic fever excluding Ebola, Lassa, Marburg",,,,,"קדחת נגיפית המורגית למעט אבולה, לאסה, מרבורג"
164,Yellow Fever,,,,,קדחת צהובה
165,Rheumatic fever,,,,,קדחת שיגרון
166,Campylobacteriosis,,"קמפילובקטריוזיס היא מחלה זיהומית הנגרמת על ידי חיידק הנקרא Campylobacter bacterium, הידוע יותר בשם Campylobacter jejuni. זיהום של חיידק זה נחשב לאחד הזיהומים הנפוצים ביותר בבני אדם, הגורמים להתייבשות במדינות המפותחות.
מדובר בחיידק גראם שלילי המצוי בצואה של בעלי חיים (בדגש על בקר, עופות וחזירים). בבעלי חיים הוא לא גורם לתסמינים קליניים, אך בבני אדם הוא גורם לשלשול ולדלקת מעיים.",,https://www.health.gov.il/UnitsOffice/HD/PH/LabDept/PublicHealthLabs/jerusalem_Labs/GCL/Reference_Laboratories/Pages/Campylobacter.aspx,קמפילובקטריוזיס
167,Criptosporidiosis,,"קריפטוספורידיוזיס היא מחלת מעיים המועברת על ידי טפיל הנקרא Cryptospordium parvum. טפיל זה הוא בין גורמי השלשול הנפוצים ביותר בעגלים צעירים. מדובר בחד תא שמשתייך לקבוצת הקוקסידיות, שאינו ספציפי למאכסן.


אי לכך, הוא יכול לגרום למחלה גם במעלי גרה אחרים, במכרסמים, בסוסים, חיות בית כמו כלבים או חתולים וכן לגרום למחלה בבני אדם.

המחלה פוגעת בקצה הרחיקני של המעי הדק ובנוסף יכולה לגרום לנזקים במערכת הנשימה הן באנשים בעלי מערכת חיסונית תקינה והן באנשים עם מערכת חיסונית חלשה כמו חולי איידס. לעומת זאת באנשים בלעי מערכת חיסונית חלשה, היא יכולה לגרום לנזקים במערכות נוספות לאף לגרום למוות.",https://en.wikipedia.org/wiki/Cryptosporidiosis,,קריפטוספורידיוזיס
168,Other rickettsial diseases,,"רִיקֶצְיָה (באנגלית: Rickettsia) הוא סוג של חיידקים - טפילים תוך-תאיים, לרוב פתוגניים. מינים של ""ריקציה"", בדומה לנגיפים, אינם מסוגלים להתרבות מחוץ לגוף הפונדקאי.

הריקציות הן חיידקים טפילים של כינים, זבובים, קרציות וחרקים אחרים וכל אלה עלולים להעביר את החיידק לאדם. הידועה ביותר מבין הריקציות היא הריקציה הגורמת למחלת טיפוס הבהרות (אין להתבלבל עם החיידק Salmonella typhii, הגורם לטיפוס הבטן). מיני ריקציה אחרים מחוללים מחלות קדחת דומות, בהן קדחת הקרצית הים תיכונית, קדחת הבהרות של הרי רוקי, קדחת החפירות וקדחת קרציות כלבית.",,https://he.wikipedia.org/wiki/%D7%A8%D7%99%D7%A7%D7%A6%D7%99%D7%94,ריקטסיוזות אחרות
169,Tuberculosis - active pulmonary,,"שחפת (באנגלית: Tuberculosis או TB) היא מחלה זיהומית מדבקת, הנגרמת על ידי חיידקים מסוג Mycobacterium, בדרך כלל חיידקים ממין Mycobacterium tuberculosis. הפגיעה האופיינית לשחפת היא בריאות, אך היא יכולה להשפיע גם על חלקים אחרים בגוף. המחלה נישאת באוויר כאשר ההדבקה מאדם לאדם נגרמת באמצעות שיעול של אדם חולה. המחלה נודעת בכינויה - ""המוות הלבן"".

שחפת היא אחת הסיבות הנפוצות ביותר למוות בכל הגילאים ברחבי העולם. מספר מקרי המוות בעולם (בשל מחלות זיהומיות) כתוצאה ממחלה זו הוא במקום השני (אחרי איידס) למספר מקרי המוות מזיהום. כ-95% מהמקרים בעולם שאובחנו כהדבקות בשחפת וכמוות כתוצאה ממנה היו במדינות העולם השלישי.

כשליש מאוכלוסיית העולם נגועה בשחפת, ובכל שנה נדבקים כ-1% מהאוכלוסייה. ב-2016 היו בעולם יותר מ-10 מיליון מקרים של שחפת פעילה, שהובילו ל-1.3 מיליון מקרי מוות. במקרה אחד למאה ממקרים אלו, מדובר בשחפת שעמידה לכל סוגי האנטיביוטיקה.",,https://he.wikipedia.org/wiki/%D7%A9%D7%97%D7%A4%D7%AA,שחפת ריאות פעילה
170,Tuberculosis - extrapulmonary,,"שחפת (באנגלית: Tuberculosis או TB) היא מחלה זיהומית מדבקת, הנגרמת על ידי חיידקים מסוג Mycobacterium, בדרך כלל חיידקים ממין Mycobacterium tuberculosis. הפגיעה האופיינית לשחפת היא בריאות, אך היא יכולה להשפיע גם על חלקים אחרים בגוף. המחלה נישאת באוויר כאשר ההדבקה מאדם לאדם נגרמת באמצעות שיעול של אדם חולה. המחלה נודעת בכינויה - ""המוות הלבן"".

שחפת היא אחת הסיבות הנפוצות ביותר למוות בכל הגילאים ברחבי העולם. מספר מקרי המוות בעולם (בשל מחלות זיהומיות) כתוצאה ממחלה זו הוא במקום השני (אחרי איידס) למספר מקרי המוות מזיהום. כ-95% מהמקרים בעולם שאובחנו כהדבקות בשחפת וכמוות כתוצאה ממנה היו במדינות העולם השלישי.

כשליש מאוכלוסיית העולם נגועה בשחפת, ובכל שנה נדבקים כ-1% מהאוכלוסייה. ב-2016 היו בעולם יותר מ-10 מיליון מקרים של שחפת פעילה, שהובילו ל-1.3 מיליון מקרי מוות. במקרה אחד למאה ממקרים אלו, מדובר בשחפת שעמידה לכל סוגי האנטיביוטיקה.",,https://he.wikipedia.org/wiki/%D7%A9%D7%97%D7%A4%D7%AA,שחפת מחוץ לריאות
171,Shigellosis,,"שיגלוזיס היא מחלה הנגרמת על ידי מיני החיידק Shigella המפורטים לעיל ומועברת בדרך-כלל לבני אדם על ידי מים או מזון המזוהמים בצואה (מחזור צואה-פה). למזונות מסוימים סיכוי גבוה יותר לשאת את החיידק: תפוחי אדמה, דגי טונה, פסטה, מוצרי חלב, בשר עוף וירקות לא-מבושלים. רובן המוחלט של ההדבקות מתרחשות עקב דרכי מים מזוהמות (במדינות עניות, בדרך-כלל) או גהות (היגיינה) לקויה של עובדי מזון.

סוג חיידקי השיגלה התגלה בתחילת המאה ה-20 על ידי המיקרוביולוג היפני קיושי שיגה, ועל שמו הוא קרוי. ישנם ארבעה מינים השייכים לסוג זה, כולם גורמים למחלה; הנפוץ שבהם: Shigella dysentariae. חיידק זה מפריש רעלן המפרק קשרים גליקוזידיים ב-rRNA, המרכיב את הריבוזומים, בהם מיוצרים חלבוני התא. יצור החלבונים נפסק והתא מת במהרה. החיידק תוקף בדרך-כלל תאי אפיתל במעי הגס; מותם של אלו גורם להפסקת ספיגת המים במעי, וכתוצאה מכך - לשלשול ולאיבוד מים.


שיגלוזיס גורמת, בין השאר, לכאבים ולהתכווצויות בבטן, הקאה, חום גבוה, כאבים בפי הטבעת, דם בצואה וכאמור - שלשול חמור, אשר עלול לגרום להתייבשות. סיבוכים אפשריים הם דלקות בדרכי השתן, אלח דם (זיהום חמור בדם) ואי-ספיקת כליות. בכ-3% מהחולים במחלה ישנה נטייה גנטית מסוימת, העלולה לגרום להופעת תסמונת רייטר - מחלה המשלבת כאבי פרקים, גירוי בעיניים וכאב בזמן הטלת שתן.",,https://he.wikipedia.org/wiki/%D7%93%D7%99%D7%96%D7%A0%D7%98%D7%A8%D7%99%D7%94,שיגלוזיס (דיזנטריה)
172,Poliomyelitis caused by wild-type poliovirus,,,,,"שיתוק ילדים הנגרם ע""י זן פרא של נגיף הפוליו"
173,Poliomyelitis caused by vaccine derived poliovirus,,,,,"שיתוק ילדים הנגרם ע""י נגיף שמקורו בתרכיב חיסון"
174,Acute flaccid paralysis (through 15),,,,,שיתוק רפה חד (עד גיל 15 ועד בכלל)
175,Pertussis,,"שעלת (בלועזית: פרטוסיס, Pertussis או Whooping cough) היא מחלה זיהומית הנגרמת על ידי החיידק Bordetella Pertussis, השייך למערכת החיידקים הארגמניים. על-פי ארגון הבריאות העולמי נמנית המחלה כאחת מעשר המחלות הקטלניות בעולם.
עד שנות ה-30 של המאה ה-20 הייתה מחלת השעלת גורם לתחלואה של מיליוני ילדים בעולם וגורם משמעותי בתמותת תינוקות, לפיכך שויכה למחלות המכונות ""מחלות ילדים"".

מאז שהוחלט לחסן באופן שיגרתי כנגד שעלת, נצפתה ירידה דרמטית בתחלואה ובתמותה מהמחלה.",,https://he.wikipedia.org/wiki/%D7%A9%D7%A2%D7%9C%D7%AA,שעלת
176,Influenza caused by a new subtype,,,,,"שפעת הנגרמת ע""י זן חדש"
177,Pandemic influenza,,,,,שפעת פנדמית
178,Avian influenza,,,,,שפעת העופות
179,Toxic shock syndrome,,,,,תסמונת ההלם הטוקסי
180,Severe Acute Respiratory Syndrome (SARS),,,,,תסמונת נשימתית חמורה חדה
181,Food/Water borne infections,,"הרעלת מזון היא שם לתחלואה הנגרמת בשל קיומם של רעלנים במזון שנאכל.


חיידקי Shigella
הרעלנים הם חומרים המופרשים על ידי חיידקים. בשמם המלא הם מכונים אקזוטוקסינים. האקזוטוקסינים יכולים בהתאם למבנה הכימי שלהם לגרום להקאות, שלשולים, כאבי בטן ועוד.

כאשר הסימפטומים של הרעלת המזון קורים תוך זמן קצר (1-6 שעות), הטוקסין כבר שהה במזון טרם שנאכל (כלומר המזון היה מזוהם מלכתחילה). סימפטומים אלה כוללים לרוב הקאות, ובדרך כלל אין חום גבוה. הרעלות מזון כאלו הן נפוצות - דוגמאות בולטות הן הרעלת של חיידק בשם סטאפילוקוקוס אוראוס (staphylococcus aureus) או בצילוס צראוס (""bacillus cereus"")

כשמשך הדגירה ארוך יותר - 8-16 שעות, האורגניזם נמצא במזון ומייצר את הטוקסין במעי. הקאות פחות נפוצות, הסימפטומים הנפוצים הם כאבי בטן. בדרך כלל אין חום. הדוגמה הבולטת להרעלת מזון כזו היא של החיידק קלוסטרידיום פרפרינגס (Clostridium perfringens).",,https://www.clalit.co.il/he/lifestyle/nutrition/Pages/food_poisoning.aspx,הרעלת מזון/מים
182,Hospital (nosocomial) infections,,,,,זיהומים בבית חולים
183,Death - Total (all causes),,,,,"סה""כ פטירות - כל הסיבות"
184,Death age < 1 (all causes),,,,,"סה""כ פטירות - כל הסיבות - גיל < 1"
185,Death - Pneumonia - single cause (all ages),,"
צילום רנטגן של ריאות. החלק העליון נורמלי. בחלק התחתון ניתן להבחין בדלקת ריאות.
דלקת ריאות (בלועזית: פנאומוניה, Pneumonia) היא מחלה זיהומית של הריאות. זוהי מחלה נפוצה אשר יכולה להופיע בכל הגילאים. דלקת ריאות מביאה בדרך כלל לבעיות כגון קשיי נשימה, חום, כאבי חזה ושיעול. המחלה נגרמת כתוצאה מחדירת אורגניזמים מזהמים והרס של רקמת הריאה מכך שאזורים בריאה אשר סופגים חמצן (נאדיות הריאה) מתמלאים בנוזל דלקתי ולא מסוגלים לעבוד ביעילות. דלקת ריאות נגרמת כתוצאה ממחוללים שונים, כגון חיידקים, נגיפים, פטריות ופרזיטים. ניתן לאבחן דלקת ריאות על בסיס תסמינים קליניים ובדיקה פיזיקלית של המטופל בלבד, על ידי ביצוע צילום חזה, בדיקת כיח ובדיקות נוספות. במקרים קשים יותר, חלק מהמטופלים נזקקים לאשפוז בבית החולים, והטיפול במרבית המקרים הוא אנטיביוטי. סוגים שונים של דלקת ריאות ניתנים למניעה על ידי חיסון ספציפי.",,https://he.wikipedia.org/wiki/%D7%93%D7%9C%D7%A7%D7%AA_%D7%A8%D7%99%D7%90%D7%95%D7%AA,פטירות מדלקת ריאות - סיבה יחידה
186,Death - Pneumonia - single cause (age < 1),,"
צילום רנטגן של ריאות. החלק העליון נורמלי. בחלק התחתון ניתן להבחין בדלקת ריאות.
דלקת ריאות (בלועזית: פנאומוניה, Pneumonia) היא מחלה זיהומית של הריאות. זוהי מחלה נפוצה אשר יכולה להופיע בכל הגילאים. דלקת ריאות מביאה בדרך כלל לבעיות כגון קשיי נשימה, חום, כאבי חזה ושיעול. המחלה נגרמת כתוצאה מחדירת אורגניזמים מזהמים והרס של רקמת הריאה מכך שאזורים בריאה אשר סופגים חמצן (נאדיות הריאה) מתמלאים בנוזל דלקתי ולא מסוגלים לעבוד ביעילות. דלקת ריאות נגרמת כתוצאה ממחוללים שונים, כגון חיידקים, נגיפים, פטריות ופרזיטים. ניתן לאבחן דלקת ריאות על בסיס תסמינים קליניים ובדיקה פיזיקלית של המטופל בלבד, על ידי ביצוע צילום חזה, בדיקת כיח ובדיקות נוספות. במקרים קשים יותר, חלק מהמטופלים נזקקים לאשפוז בבית החולים, והטיפול במרבית המקרים הוא אנטיביוטי. סוגים שונים של דלקת ריאות ניתנים למניעה על ידי חיסון ספציפי.",,https://he.wikipedia.org/wiki/%D7%93%D7%9C%D7%A7%D7%AA_%D7%A8%D7%99%D7%90%D7%95%D7%AA,פטירות מדלקת ריאות - סיבה יחידה - גיל < 1
187,Death - Pneumonia+other causes (all ages),,"
צילום רנטגן של ריאות. החלק העליון נורמלי. בחלק התחתון ניתן להבחין בדלקת ריאות.
דלקת ריאות (בלועזית: פנאומוניה, Pneumonia) היא מחלה זיהומית של הריאות. זוהי מחלה נפוצה אשר יכולה להופיע בכל הגילאים. דלקת ריאות מביאה בדרך כלל לבעיות כגון קשיי נשימה, חום, כאבי חזה ושיעול. המחלה נגרמת כתוצאה מחדירת אורגניזמים מזהמים והרס של רקמת הריאה מכך שאזורים בריאה אשר סופגים חמצן (נאדיות הריאה) מתמלאים בנוזל דלקתי ולא מסוגלים לעבוד ביעילות. דלקת ריאות נגרמת כתוצאה ממחוללים שונים, כגון חיידקים, נגיפים, פטריות ופרזיטים. ניתן לאבחן דלקת ריאות על בסיס תסמינים קליניים ובדיקה פיזיקלית של המטופל בלבד, על ידי ביצוע צילום חזה, בדיקת כיח ובדיקות נוספות. במקרים קשים יותר, חלק מהמטופלים נזקקים לאשפוז בבית החולים, והטיפול במרבית המקרים הוא אנטיביוטי. סוגים שונים של דלקת ריאות ניתנים למניעה על ידי חיסון ספציפי.",,https://he.wikipedia.org/wiki/%D7%93%D7%9C%D7%A7%D7%AA_%D7%A8%D7%99%D7%90%D7%95%D7%AA,פטירות מדלקת ריאות עם סיבות אחרות
188,Death - Pneumonia+other causes (age < 1),,"
צילום רנטגן של ריאות. החלק העליון נורמלי. בחלק התחתון ניתן להבחין בדלקת ריאות.
דלקת ריאות (בלועזית: פנאומוניה, Pneumonia) היא מחלה זיהומית של הריאות. זוהי מחלה נפוצה אשר יכולה להופיע בכל הגילאים. דלקת ריאות מביאה בדרך כלל לבעיות כגון קשיי נשימה, חום, כאבי חזה ושיעול. המחלה נגרמת כתוצאה מחדירת אורגניזמים מזהמים והרס של רקמת הריאה מכך שאזורים בריאה אשר סופגים חמצן (נאדיות הריאה) מתמלאים בנוזל דלקתי ולא מסוגלים לעבוד ביעילות. דלקת ריאות נגרמת כתוצאה ממחוללים שונים, כגון חיידקים, נגיפים, פטריות ופרזיטים. ניתן לאבחן דלקת ריאות על בסיס תסמינים קליניים ובדיקה פיזיקלית של המטופל בלבד, על ידי ביצוע צילום חזה, בדיקת כיח ובדיקות נוספות. במקרים קשים יותר, חלק מהמטופלים נזקקים לאשפוז בבית החולים, והטיפול במרבית המקרים הוא אנטיביוטי. סוגים שונים של דלקת ריאות ניתנים למניעה על ידי חיסון ספציפי.",,https://he.wikipedia.org/wiki/%D7%93%D7%9C%D7%A7%D7%AA_%D7%A8%D7%99%D7%90%D7%95%D7%AA,פטירות מדלקת ריאות עם סיבות אחרות - גיל < 1
189,Death - Influenza (all ages),,,,,פטירות משפעת
190,Death - Influenza (age < 1),,,,,פטירות משפעת - גיל < 1
191,Zika,,,,,זיקה
192,Congenital Zika,,,,,זיקה מלידה
193,AIDS,,,,,נשא HIV/ איידס
194,HIV carrier,,,,,נשא HIV/ איידס
195,Plague,,,,,דבר
196,Ebola virus disease,,,,,אבולה
197,Marburg virus disease,,,,,מרבורג
198,Lassa fever,,,,,לאסה
199,Other viral hemorrhagic fevers,,,,,מחלות נגיפיות אחרות
200,Poliomyelitis,,,,,פוליו
201,Death - Gastrointestinal dis.*,,,,,פטירות מדלקת מעיים*
202,Death - Gastrointestinal dis. (age < 1)*,,,,,פטירות מדלקת מעיים -גיל < 1*
203,Death - Chemical poisoning - accidental,,,,,פטירות מהרעלות כימיות תאונתיות
204,Death - Chemical poisoning - intentional,,,,,פטירות מהרעלות כימיות עצמיות
205,Death - Chemical poisoning - N.O.S.,,,,,פטירות מהרעלות כימיות - סיבות לא ידועות
206,"Viral hemorrhagic fever (Ebola, Lassa, Marburg)",,,,,"קדחת נגיפית המורגית: אבולה, לאסה, מרבורג"
207,"Viral hemorrhagic fever (not including Ebola, Lassa, Marburg)",,,,,"קדחת נגיפית המורגית למעט אבולה, לאסה, מרבורג"
208,Perinatal strep B early onset,,,,,סטרפטוקוק B סב-לידתי - התחלה מוקדמת
209,Perinatal strep B late onset,,,,,סטרפטוקוק B סב-לידתי - התחלה מאוחרת
210,Meningococcal invasive infection*,,"דלקת קרום המוח המוכרת גם בתור: דלקת עוצבה ו-מנינגיטיס (מיוונית: μῆνιγξ - ממברנה, או קרום + הסיומת itis- שמשמעותה דלקת) היא מחלה דלקתית חריפה של הקרומים הרכים של המוח וחוט השדרה, הנגרמת בעיקר בשל זיהום חיידקי ונגיפי, אולם במקרים מסוימים גם ממיקרואורגניזמים אחרים דוגמת פטרייתי וטפילי ולעיתים נדירות גם כתוצאה ממחלות לא זיהומיות ומשימוש בתרופות מסוימות. דלקת קרום המוח נחשבת למחלה מסכנת חיים שדורשת התערבות רפואית מיידית.
עיקר דלקות קרום המוח נגרמות כתוצאה מזיהום של מיקרואורגניזמים ממקור חיידקי ונגיפי. במקרים מסוימים המחלה עלולה להתפתח כתוצאה מזיהום פטרייתי וטפילי, ולעיתים נדירות כתוצאה משימוש בתרופות מסוימות ועל רקע מחלות לא זיהומיות מסוימות. המונח דלקת אספטית של קרום המוח (Aseptic meningitis) מתייחס למצב בו לא נמצאה עדות לנוכחות חיידקית במוקד הדלקת. לכן מונח זה מתייחס לרוב לזיהום נגיפי בקרומי המוח, למצב בו לא התאפשר תרבות מזהם חיידקי בקרקע מזון בעקבות טיפול אנטיביוטי אינטנסיבי, וכן למצב של דלקת קרום המוח שלא על רקע גורם זיהומי כלשהו.",,https://he.wikipedia.org/wiki/%D7%93%D7%9C%D7%A7%D7%AA_%D7%A7%D7%A8%D7%95%D7%9D_%D7%94%D7%9E%D7%95%D7%97,"זיהום פולשני ע""י מנינגוקוק"
211,Meningitis - meningococcal*,,"דלקת קרום המוח המוכרת גם בתור: דלקת עוצבה ו-מנינגיטיס (מיוונית: μῆνιγξ - ממברנה, או קרום + הסיומת itis- שמשמעותה דלקת) היא מחלה דלקתית חריפה של הקרומים הרכים של המוח וחוט השדרה, הנגרמת בעיקר בשל זיהום חיידקי ונגיפי, אולם במקרים מסוימים גם ממיקרואורגניזמים אחרים דוגמת פטרייתי וטפילי ולעיתים נדירות גם כתוצאה ממחלות לא זיהומיות ומשימוש בתרופות מסוימות. דלקת קרום המוח נחשבת למחלה מסכנת חיים שדורשת התערבות רפואית מיידית.
עיקר דלקות קרום המוח נגרמות כתוצאה מזיהום של מיקרואורגניזמים ממקור חיידקי ונגיפי. במקרים מסוימים המחלה עלולה להתפתח כתוצאה מזיהום פטרייתי וטפילי, ולעיתים נדירות כתוצאה משימוש בתרופות מסוימות ועל רקע מחלות לא זיהומיות מסוימות. המונח דלקת אספטית של קרום המוח (Aseptic meningitis) מתייחס למצב בו לא נמצאה עדות לנוכחות חיידקית במוקד הדלקת. לכן מונח זה מתייחס לרוב לזיהום נגיפי בקרומי המוח, למצב בו לא התאפשר תרבות מזהם חיידקי בקרקע מזון בעקבות טיפול אנטיביוטי אינטנסיבי, וכן למצב של דלקת קרום המוח שלא על רקע גורם זיהומי כלשהו.",,https://he.wikipedia.org/wiki/%D7%93%D7%9C%D7%A7%D7%AA_%D7%A7%D7%A8%D7%95%D7%9D_%D7%94%D7%9E%D7%95%D7%97,דלקת עוצבה חדה מנינגוקוקית
212,Congenital Syphilis*,,,,,עגבת מלידה